"No.","Time","Source","Destination","Protocol","Length","Info"
"11","7.381138332","Apple_68:48:f0","HonHaiPr_87:1b:89","ARP","42","192.168.43.1 is at 88:e9:fe:68:48:f0"
"22","17.417461019","Apple_68:48:f0","HonHaiPr_87:1b:89","ARP","42","192.168.43.1 is at 88:e9:fe:68:48:f0"
"37","27.453248898","Apple_68:48:f0","HonHaiPr_87:1b:89","ARP","42","192.168.43.1 is at 88:e9:fe:68:48:f0"
"55","37.489303061","Apple_68:48:f0","HonHaiPr_87:1b:89","ARP","42","192.168.43.1 is at 88:e9:fe:68:48:f0"
"334","47.525446028","Apple_68:48:f0","HonHaiPr_87:1b:89","ARP","42","192.168.43.1 is at 88:e9:fe:68:48:f0"
"351","57.401904778","Apple_68:48:f0","HonHaiPr_87:1b:89","ARP","42","192.168.43.1 is at 88:e9:fe:68:48:f0"
"366","67.603508667","Apple_68:48:f0","HonHaiPr_87:1b:89","ARP","42","192.168.43.1 is at 88:e9:fe:68:48:f0"
"375","77.633546575","Apple_68:48:f0","HonHaiPr_87:1b:89","ARP","42","192.168.43.1 is at 88:e9:fe:68:48:f0"
"1016","107.444634289","Apple_68:48:f0","HonHaiPr_87:1b:89","ARP","42","192.168.43.1 is at 88:e9:fe:68:48:f0"
"2052","127.609737069","Apple_68:48:f0","HonHaiPr_87:1b:89","ARP","42","192.168.43.1 is at 88:e9:fe:68:48:f0"
"2321","137.645907501","Apple_68:48:f0","HonHaiPr_87:1b:89","ARP","42","192.168.43.1 is at 88:e9:fe:68:48:f0"
"2336","147.682109941","Apple_68:48:f0","HonHaiPr_87:1b:89","ARP","42","192.168.43.1 is at 88:e9:fe:68:48:f0"
"2367","157.513470761","Apple_68:48:f0","HonHaiPr_87:1b:89","ARP","42","192.168.43.1 is at 88:e9:fe:68:48:f0"
"2428","167.513315565","Apple_68:48:f0","HonHaiPr_87:1b:89","ARP","42","192.168.43.1 is at 88:e9:fe:68:48:f0"
"2491","177.527593183","Apple_68:48:f0","HonHaiPr_87:1b:89","ARP","42","192.168.43.1 is at 88:e9:fe:68:48:f0"
"2503","187.622046868","Apple_68:48:f0","HonHaiPr_87:1b:89","ARP","42","192.168.43.1 is at 88:e9:fe:68:48:f0"
"2518","197.554309040","Apple_68:48:f0","HonHaiPr_87:1b:89","ARP","42","192.168.43.1 is at 88:e9:fe:68:48:f0"
"2531","207.697505624","Apple_68:48:f0","HonHaiPr_87:1b:89","ARP","42","192.168.43.1 is at 88:e9:fe:68:48:f0"
"2550","215.151893984","HonHaiPr_87:1b:89","Apple_68:48:f0","ARP","42","Who has 192.168.43.1? Tell 192.168.43.49"
"2551","215.178201461","Apple_68:48:f0","HonHaiPr_87:1b:89","ARP","42","192.168.43.1 is at 88:e9:fe:68:48:f0"
"2552","217.730663851","Apple_68:48:f0","HonHaiPr_87:1b:89","ARP","42","192.168.43.1 is at 88:e9:fe:68:48:f0"
"2901","227.597443551","Apple_68:48:f0","HonHaiPr_87:1b:89","ARP","42","192.168.43.1 is at 88:e9:fe:68:48:f0"
"3928","237.612955378","Apple_68:48:f0","HonHaiPr_87:1b:89","ARP","42","192.168.43.1 is at 88:e9:fe:68:48:f0"
"4598","247.633390266","Apple_68:48:f0","HonHaiPr_87:1b:89","ARP","42","192.168.43.1 is at 88:e9:fe:68:48:f0"
"4668","257.653719378","Apple_68:48:f0","HonHaiPr_87:1b:89","ARP","42","192.168.43.1 is at 88:e9:fe:68:48:f0"
"4922","277.690988072","Apple_68:48:f0","HonHaiPr_87:1b:89","ARP","42","192.168.43.1 is at 88:e9:fe:68:48:f0"
"4983","287.774762533","Apple_68:48:f0","HonHaiPr_87:1b:89","ARP","42","192.168.43.1 is at 88:e9:fe:68:48:f0"
"5031","297.810233410","Apple_68:48:f0","HonHaiPr_87:1b:89","ARP","42","192.168.43.1 is at 88:e9:fe:68:48:f0"
"5066","307.846001688","Apple_68:48:f0","HonHaiPr_87:1b:89","ARP","42","192.168.43.1 is at 88:e9:fe:68:48:f0"
"5074","317.881299539","Apple_68:48:f0","HonHaiPr_87:1b:89","ARP","42","192.168.43.1 is at 88:e9:fe:68:48:f0"
"5146","327.916965628","Apple_68:48:f0","HonHaiPr_87:1b:89","ARP","42","192.168.43.1 is at 88:e9:fe:68:48:f0"
"5164","337.747838735","Apple_68:48:f0","HonHaiPr_87:1b:89","ARP","42","192.168.43.1 is at 88:e9:fe:68:48:f0"
"5187","347.783353632","Apple_68:48:f0","HonHaiPr_87:1b:89","ARP","42","192.168.43.1 is at 88:e9:fe:68:48:f0"
"5221","357.819162440","Apple_68:48:f0","HonHaiPr_87:1b:89","ARP","42","192.168.43.1 is at 88:e9:fe:68:48:f0"
"5245","367.855422166","Apple_68:48:f0","HonHaiPr_87:1b:89","ARP","42","192.168.43.1 is at 88:e9:fe:68:48:f0"
"5250","377.890658603","Apple_68:48:f0","HonHaiPr_87:1b:89","ARP","42","192.168.43.1 is at 88:e9:fe:68:48:f0"
"5276","387.851324044","Apple_68:48:f0","HonHaiPr_87:1b:89","ARP","42","192.168.43.1 is at 88:e9:fe:68:48:f0"
"5302","397.962750964","Apple_68:48:f0","HonHaiPr_87:1b:89","ARP","42","192.168.43.1 is at 88:e9:fe:68:48:f0"
"5329","407.907172459","Apple_68:48:f0","HonHaiPr_87:1b:89","ARP","42","192.168.43.1 is at 88:e9:fe:68:48:f0"
"5377","418.033904392","Apple_68:48:f0","HonHaiPr_87:1b:89","ARP","42","192.168.43.1 is at 88:e9:fe:68:48:f0"
"5382","427.865473594","Apple_68:48:f0","HonHaiPr_87:1b:89","ARP","42","192.168.43.1 is at 88:e9:fe:68:48:f0"
"5392","438.105665254","Apple_68:48:f0","HonHaiPr_87:1b:89","ARP","42","192.168.43.1 is at 88:e9:fe:68:48:f0"
"5427","447.936777543","Apple_68:48:f0","HonHaiPr_87:1b:89","ARP","42","192.168.43.1 is at 88:e9:fe:68:48:f0"
"5437","457.973208117","Apple_68:48:f0","HonHaiPr_87:1b:89","ARP","42","192.168.43.1 is at 88:e9:fe:68:48:f0"
"5471","468.008601185","Apple_68:48:f0","HonHaiPr_87:1b:89","ARP","42","192.168.43.1 is at 88:e9:fe:68:48:f0"
"5484","478.044454759","Apple_68:48:f0","HonHaiPr_87:1b:89","ARP","42","192.168.43.1 is at 88:e9:fe:68:48:f0"
"5485","488.081421675","Apple_68:48:f0","HonHaiPr_87:1b:89","ARP","42","192.168.43.1 is at 88:e9:fe:68:48:f0"
"5490","498.116428094","Apple_68:48:f0","HonHaiPr_87:1b:89","ARP","42","192.168.43.1 is at 88:e9:fe:68:48:f0"
"5495","508.152505894","Apple_68:48:f0","HonHaiPr_87:1b:89","ARP","42","192.168.43.1 is at 88:e9:fe:68:48:f0"
"5496","517.984103899","Apple_68:48:f0","HonHaiPr_87:1b:89","ARP","42","192.168.43.1 is at 88:e9:fe:68:48:f0"
"5538","528.019526740","Apple_68:48:f0","HonHaiPr_87:1b:89","ARP","42","192.168.43.1 is at 88:e9:fe:68:48:f0"
"5541","538.055510812","Apple_68:48:f0","HonHaiPr_87:1b:89","ARP","42","192.168.43.1 is at 88:e9:fe:68:48:f0"
"5544","548.092111007","Apple_68:48:f0","HonHaiPr_87:1b:89","ARP","42","192.168.43.1 is at 88:e9:fe:68:48:f0"
"5547","558.127558422","Apple_68:48:f0","HonHaiPr_87:1b:89","ARP","42","192.168.43.1 is at 88:e9:fe:68:48:f0"
"5564","568.163481952","Apple_68:48:f0","HonHaiPr_87:1b:89","ARP","42","192.168.43.1 is at 88:e9:fe:68:48:f0"
"5573","578.200136923","Apple_68:48:f0","HonHaiPr_87:1b:89","ARP","42","192.168.43.1 is at 88:e9:fe:68:48:f0"
"5581","588.235605134","Apple_68:48:f0","HonHaiPr_87:1b:89","ARP","42","192.168.43.1 is at 88:e9:fe:68:48:f0"
"5588","598.074232290","Apple_68:48:f0","HonHaiPr_87:1b:89","ARP","42","192.168.43.1 is at 88:e9:fe:68:48:f0"
"5600","608.090957056","Apple_68:48:f0","HonHaiPr_87:1b:89","ARP","42","192.168.43.1 is at 88:e9:fe:68:48:f0"
"5621","618.138783158","Apple_68:48:f0","HonHaiPr_87:1b:89","ARP","42","192.168.43.1 is at 88:e9:fe:68:48:f0"
"5681","648.246977979","Apple_68:48:f0","HonHaiPr_87:1b:89","ARP","42","192.168.43.1 is at 88:e9:fe:68:48:f0"
"5707","678.150389987","Apple_68:48:f0","HonHaiPr_87:1b:89","ARP","42","192.168.43.1 is at 88:e9:fe:68:48:f0"
"5748","708.258512684","Apple_68:48:f0","HonHaiPr_87:1b:89","ARP","42","192.168.43.1 is at 88:e9:fe:68:48:f0"
"5755","720.137985222","Apple_68:48:f0","HonHaiPr_87:1b:89","ARP","42","192.168.43.1 is at 88:e9:fe:68:48:f0"
"5756","730.174019324","Apple_68:48:f0","HonHaiPr_87:1b:89","ARP","42","192.168.43.1 is at 88:e9:fe:68:48:f0"
"5761","740.210001389","Apple_68:48:f0","HonHaiPr_87:1b:89","ARP","42","192.168.43.1 is at 88:e9:fe:68:48:f0"
"5772","750.450719478","Apple_68:48:f0","HonHaiPr_87:1b:89","ARP","42","192.168.43.1 is at 88:e9:fe:68:48:f0"
"5775","760.273213711","Apple_68:48:f0","HonHaiPr_87:1b:89","ARP","42","192.168.43.1 is at 88:e9:fe:68:48:f0"
"5782","770.301046693","Apple_68:48:f0","HonHaiPr_87:1b:89","ARP","42","192.168.43.1 is at 88:e9:fe:68:48:f0"
"5793","780.329378833","Apple_68:48:f0","HonHaiPr_87:1b:89","ARP","42","192.168.43.1 is at 88:e9:fe:68:48:f0"
"5798","790.358001968","Apple_68:48:f0","HonHaiPr_87:1b:89","ARP","42","192.168.43.1 is at 88:e9:fe:68:48:f0"
"5799","800.183361872","Apple_68:48:f0","HonHaiPr_87:1b:89","ARP","42","192.168.43.1 is at 88:e9:fe:68:48:f0"
"5814","810.212407125","Apple_68:48:f0","HonHaiPr_87:1b:89","ARP","42","192.168.43.1 is at 88:e9:fe:68:48:f0"
"5829","820.183552289","Apple_68:48:f0","HonHaiPr_87:1b:89","ARP","42","192.168.43.1 is at 88:e9:fe:68:48:f0"
"5862","830.273587839","Apple_68:48:f0","HonHaiPr_87:1b:89","ARP","42","192.168.43.1 is at 88:e9:fe:68:48:f0"
"5871","860.366939129","Apple_68:48:f0","HonHaiPr_87:1b:89","ARP","42","192.168.43.1 is at 88:e9:fe:68:48:f0"
"5947","880.839520394","Apple_68:48:f0","HonHaiPr_87:1b:89","ARP","42","192.168.43.1 is at 88:e9:fe:68:48:f0"
"5950","891.691300684","Apple_68:48:f0","HonHaiPr_87:1b:89","ARP","42","192.168.43.1 is at 88:e9:fe:68:48:f0"
"5955","915.236619044","Apple_68:48:f0","HonHaiPr_87:1b:89","ARP","42","192.168.43.1 is at 88:e9:fe:68:48:f0"
"5985","936.559855408","HonHaiPr_87:1b:89","Apple_68:48:f0","ARP","42","Who has 192.168.43.1? Tell 192.168.43.49"
"5986","936.942013841","Apple_68:48:f0","HonHaiPr_87:1b:89","ARP","42","192.168.43.1 is at 88:e9:fe:68:48:f0"
"6049","945.335815608","Apple_68:48:f0","HonHaiPr_87:1b:89","ARP","42","192.168.43.1 is at 88:e9:fe:68:48:f0"
"6095","975.436214690","Apple_68:48:f0","HonHaiPr_87:1b:89","ARP","42","192.168.43.1 is at 88:e9:fe:68:48:f0"
"6118","1005.336339964","Apple_68:48:f0","HonHaiPr_87:1b:89","ARP","42","192.168.43.1 is at 88:e9:fe:68:48:f0"
"6134","1035.434941292","Apple_68:48:f0","HonHaiPr_87:1b:89","ARP","42","192.168.43.1 is at 88:e9:fe:68:48:f0"
"6200","1065.332988500","Apple_68:48:f0","HonHaiPr_87:1b:89","ARP","42","192.168.43.1 is at 88:e9:fe:68:48:f0"
"6230","1078.030161094","Apple_68:48:f0","HonHaiPr_87:1b:89","ARP","42","192.168.43.1 is at 88:e9:fe:68:48:f0"
"6231","1087.859182201","Apple_68:48:f0","HonHaiPr_87:1b:89","ARP","42","192.168.43.1 is at 88:e9:fe:68:48:f0"
"6241","1097.893730244","Apple_68:48:f0","HonHaiPr_87:1b:89","ARP","42","192.168.43.1 is at 88:e9:fe:68:48:f0"
"6252","1107.929376472","Apple_68:48:f0","HonHaiPr_87:1b:89","ARP","42","192.168.43.1 is at 88:e9:fe:68:48:f0"
"6263","1117.962821601","Apple_68:48:f0","HonHaiPr_87:1b:89","ARP","42","192.168.43.1 is at 88:e9:fe:68:48:f0"
"6292","1127.999072040","Apple_68:48:f0","HonHaiPr_87:1b:89","ARP","42","192.168.43.1 is at 88:e9:fe:68:48:f0"
"6301","1158.101586293","Apple_68:48:f0","HonHaiPr_87:1b:89","ARP","42","192.168.43.1 is at 88:e9:fe:68:48:f0"
"7193","1186.976994265","Apple_68:48:f0","HonHaiPr_87:1b:89","ARP","42","192.168.43.1 is at 88:e9:fe:68:48:f0"
"7210","1197.216571614","Apple_68:48:f0","HonHaiPr_87:1b:89","ARP","42","192.168.43.1 is at 88:e9:fe:68:48:f0"
"7217","1207.251137262","Apple_68:48:f0","HonHaiPr_87:1b:89","ARP","42","192.168.43.1 is at 88:e9:fe:68:48:f0"
"7226","1217.286165292","Apple_68:48:f0","HonHaiPr_87:1b:89","ARP","42","192.168.43.1 is at 88:e9:fe:68:48:f0"
"7233","1227.116246148","Apple_68:48:f0","HonHaiPr_87:1b:89","ARP","42","192.168.43.1 is at 88:e9:fe:68:48:f0"
"7244","1236.335776366","HonHaiPr_87:1b:89","Apple_68:48:f0","ARP","42","Who has 192.168.43.1? Tell 192.168.43.49"
"7247","1236.546676817","Apple_68:48:f0","HonHaiPr_87:1b:89","ARP","42","192.168.43.1 is at 88:e9:fe:68:48:f0"
"7260","1237.151806638","Apple_68:48:f0","HonHaiPr_87:1b:89","ARP","42","192.168.43.1 is at 88:e9:fe:68:48:f0"
"7306","1247.109405405","Apple_68:48:f0","HonHaiPr_87:1b:89","ARP","42","192.168.43.1 is at 88:e9:fe:68:48:f0"
"7344","1257.220934411","Apple_68:48:f0","HonHaiPr_87:1b:89","ARP","42","192.168.43.1 is at 88:e9:fe:68:48:f0"
"7358","1267.255952247","Apple_68:48:f0","HonHaiPr_87:1b:89","ARP","42","192.168.43.1 is at 88:e9:fe:68:48:f0"
"7361","1277.290409713","Apple_68:48:f0","HonHaiPr_87:1b:89","ARP","42","192.168.43.1 is at 88:e9:fe:68:48:f0"
"7373","1287.325195628","Apple_68:48:f0","HonHaiPr_87:1b:89","ARP","42","192.168.43.1 is at 88:e9:fe:68:48:f0"
"7413","1297.359948117","Apple_68:48:f0","HonHaiPr_87:1b:89","ARP","42","192.168.43.1 is at 88:e9:fe:68:48:f0"
"7438","1307.189987634","Apple_68:48:f0","HonHaiPr_87:1b:89","ARP","42","192.168.43.1 is at 88:e9:fe:68:48:f0"
"7476","1317.188930143","Apple_68:48:f0","HonHaiPr_87:1b:89","ARP","42","192.168.43.1 is at 88:e9:fe:68:48:f0"
"7485","1321.730786735","Apple_68:48:f0","HonHaiPr_87:1b:89","ARP","42","192.168.43.1 is at 5e:99:60:f5:c1:b2"
"7486","1322.754157299","Apple_68:48:f0","HonHaiPr_87:1b:89","ARP","42","192.168.43.1 is at 5e:99:60:f5:c1:b2"
"7487","1323.778117879","Apple_68:48:f0","HonHaiPr_87:1b:89","ARP","42","192.168.43.1 is at 5e:99:60:f5:c1:b2"
"7549","1366.169162121","Apple_68:48:f0","Broadcast","ARP","42","Who has 192.168.43.1? Tell 192.168.43.100"
"7550","1366.170144481","Apple_68:48:f0","Broadcast","ARP","42","Who has 192.168.43.67? Tell 192.168.43.100"
"7551","1366.170998976","Apple_68:48:f0","Broadcast","ARP","42","Who has 192.168.43.126? Tell 192.168.43.100"
"7552","1366.374045135","Apple_68:48:f0","Broadcast","ARP","42","Who has 192.168.43.229? Tell 192.168.43.100"
"7553","1366.374929688","Apple_68:48:f0","Broadcast","ARP","42","Who has 192.168.43.34? Tell 192.168.43.100"
"7554","1366.375789465","Apple_68:48:f0","Broadcast","ARP","42","Who has 192.168.43.209? Tell 192.168.43.100"
"7555","1366.376689113","Apple_68:48:f0","Broadcast","ARP","42","Who has 192.168.43.197? Tell 192.168.43.100"
"7556","1366.377569221","Apple_68:48:f0","Broadcast","ARP","42","Who has 192.168.43.183? Tell 192.168.43.100"
"7557","1366.378418310","Apple_68:48:f0","Broadcast","ARP","42","Who has 192.168.43.150? Tell 192.168.43.100"
"7558","1366.379212001","Apple_68:48:f0","Broadcast","ARP","42","Who has 192.168.43.223? Tell 192.168.43.100"
"7559","1366.380107970","Apple_68:48:f0","Broadcast","ARP","42","Who has 192.168.43.164? Tell 192.168.43.100"
"7560","1366.381024029","Apple_68:48:f0","Broadcast","ARP","42","Who has 192.168.43.248? Tell 192.168.43.100"
"7561","1366.381905869","Apple_68:48:f0","Broadcast","ARP","42","Who has 192.168.43.113? Tell 192.168.43.100"
"7562","1366.578852114","Apple_68:48:f0","Broadcast","ARP","42","Who has 192.168.43.105? Tell 192.168.43.100"
"7563","1366.579647480","Apple_68:48:f0","Broadcast","ARP","42","Who has 192.168.43.99? Tell 192.168.43.100"
"7564","1366.580588460","Apple_68:48:f0","Broadcast","ARP","42","Who has 192.168.43.144? Tell 192.168.43.100"
"7565","1366.581444303","Apple_68:48:f0","Broadcast","ARP","42","Who has 192.168.43.174? Tell 192.168.43.100"
"7566","1366.582322139","Apple_68:48:f0","Broadcast","ARP","42","Who has 192.168.43.253? Tell 192.168.43.100"
"7567","1366.583125420","Apple_68:48:f0","Broadcast","ARP","42","Who has 192.168.43.203? Tell 192.168.43.100"
"7568","1366.584225875","Apple_68:48:f0","Broadcast","ARP","42","Who has 192.168.43.190? Tell 192.168.43.100"
"7569","1366.584886273","Apple_68:48:f0","Broadcast","ARP","42","Who has 192.168.43.200? Tell 192.168.43.100"
"7570","1366.585737573","Apple_68:48:f0","Broadcast","ARP","42","Who has 192.168.43.92? Tell 192.168.43.100"
"7571","1366.586632487","Apple_68:48:f0","Broadcast","ARP","42","Who has 192.168.43.57? Tell 192.168.43.100"
"7572","1366.783748236","Apple_68:48:f0","Broadcast","ARP","42","Who has 192.168.43.216? Tell 192.168.43.100"
"7573","1366.784470075","Apple_68:48:f0","Broadcast","ARP","42","Who has 192.168.43.130? Tell 192.168.43.100"
"7574","1366.785352726","Apple_68:48:f0","Broadcast","ARP","42","Who has 192.168.43.53? Tell 192.168.43.100"
"7575","1366.786202530","Apple_68:48:f0","Broadcast","ARP","42","Who has 192.168.43.50? Tell 192.168.43.100"
"7576","1366.787097495","Apple_68:48:f0","Broadcast","ARP","42","Who has 192.168.43.153? Tell 192.168.43.100"
"7577","1366.787918751","Apple_68:48:f0","Broadcast","ARP","42","Who has 192.168.43.129? Tell 192.168.43.100"
"7578","1366.788823701","Apple_68:48:f0","Broadcast","ARP","42","Who has 192.168.43.202? Tell 192.168.43.100"
"7579","1366.789704087","Apple_68:48:f0","Broadcast","ARP","42","Who has 192.168.43.231? Tell 192.168.43.100"
"7580","1366.790574235","Apple_68:48:f0","Broadcast","ARP","42","Who has 192.168.43.140? Tell 192.168.43.100"
"7581","1366.791455077","Apple_68:48:f0","Broadcast","ARP","42","Who has 192.168.43.77? Tell 192.168.43.100"
"7582","1366.988582184","Apple_68:48:f0","Broadcast","ARP","42","Who has 192.168.43.236? Tell 192.168.43.100"
"7583","1366.989267750","Apple_68:48:f0","Broadcast","ARP","42","Who has 192.168.43.65? Tell 192.168.43.100"
"7584","1366.990174828","Apple_68:48:f0","Broadcast","ARP","42","Who has 192.168.43.192? Tell 192.168.43.100"
"7585","1366.991038666","Apple_68:48:f0","Broadcast","ARP","42","Who has 192.168.43.251? Tell 192.168.43.100"
"7586","1366.991821662","Apple_68:48:f0","Broadcast","ARP","42","Who has 192.168.43.226? Tell 192.168.43.100"
"7587","1366.992769086","Apple_68:48:f0","Broadcast","ARP","42","Who has 192.168.43.224? Tell 192.168.43.100"
"7588","1366.993661373","Apple_68:48:f0","Broadcast","ARP","42","Who has 192.168.43.215? Tell 192.168.43.100"
"7589","1366.994454754","Apple_68:48:f0","Broadcast","ARP","42","Who has 192.168.43.23? Tell 192.168.43.100"
"7590","1366.995340885","Apple_68:48:f0","Broadcast","ARP","42","Who has 192.168.43.132? Tell 192.168.43.100"
"7591","1366.996254341","Apple_68:48:f0","Broadcast","ARP","42","Who has 192.168.43.246? Tell 192.168.43.100"
"7592","1367.193301352","Apple_68:48:f0","Broadcast","ARP","42","Who has 192.168.43.232? Tell 192.168.43.100"
"7593","1367.194069753","Apple_68:48:f0","Broadcast","ARP","42","Who has 192.168.43.211? Tell 192.168.43.100"
"7594","1367.194917005","Apple_68:48:f0","Broadcast","ARP","42","Who has 192.168.43.166? Tell 192.168.43.100"
"7595","1367.195853834","Apple_68:48:f0","Broadcast","ARP","42","Who has 192.168.43.155? Tell 192.168.43.100"
"7596","1367.196617201","Apple_68:48:f0","Broadcast","ARP","42","Who has 192.168.43.148? Tell 192.168.43.100"
"7597","1367.197548804","Apple_68:48:f0","Broadcast","ARP","42","Who has 192.168.43.12? Tell 192.168.43.100"
"7598","1367.198414897","Apple_68:48:f0","Broadcast","ARP","42","Who has 192.168.43.191? Tell 192.168.43.100"
"7599","1367.199275596","Apple_68:48:f0","Broadcast","ARP","42","Who has 192.168.43.179? Tell 192.168.43.100"
"7600","1367.200124224","Apple_68:48:f0","Broadcast","ARP","42","Who has 192.168.43.172? Tell 192.168.43.100"
"7601","1367.201018081","Apple_68:48:f0","Broadcast","ARP","42","Who has 192.168.43.198? Tell 192.168.43.100"
"7602","1367.398130039","Apple_68:48:f0","Broadcast","ARP","42","Who has 192.168.43.136? Tell 192.168.43.100"
"7603","1367.398860691","Apple_68:48:f0","Broadcast","ARP","42","Who has 192.168.43.115? Tell 192.168.43.100"
"7604","1367.399668538","Apple_68:48:f0","Broadcast","ARP","42","Who has 192.168.43.96? Tell 192.168.43.100"
"7605","1367.400615856","Apple_68:48:f0","Broadcast","ARP","42","Who has 192.168.43.91? Tell 192.168.43.100"
"7606","1367.401464627","Apple_68:48:f0","Broadcast","ARP","42","Who has 192.168.43.90? Tell 192.168.43.100"
"7607","1367.402345903","Apple_68:48:f0","Broadcast","ARP","42","Who has 192.168.43.239? Tell 192.168.43.100"
"7608","1367.403153240","Apple_68:48:f0","Broadcast","ARP","42","Who has 192.168.43.205? Tell 192.168.43.100"
"7609","1367.404084872","Apple_68:48:f0","Broadcast","ARP","42","Who has 192.168.43.228? Tell 192.168.43.100"
"7610","1367.404961655","Apple_68:48:f0","Broadcast","ARP","42","Who has 192.168.43.255? Tell 192.168.43.100"
"7611","1367.405827733","Apple_68:48:f0","Broadcast","ARP","42","Who has 192.168.43.244? Tell 192.168.43.100"
"7612","1367.602789595","Apple_68:48:f0","Broadcast","ARP","42","Who has 192.168.43.169? Tell 192.168.43.100"
"7613","1367.603634841","Apple_68:48:f0","Broadcast","ARP","42","Who has 192.168.43.137? Tell 192.168.43.100"
"7614","1367.604525171","Apple_68:48:f0","Broadcast","ARP","42","Who has 192.168.43.120? Tell 192.168.43.100"
"7615","1367.605376360","Apple_68:48:f0","Broadcast","ARP","42","Who has 192.168.43.103? Tell 192.168.43.100"
"7616","1367.606268828","Apple_68:48:f0","Broadcast","ARP","42","Who has 192.168.43.58? Tell 192.168.43.100"
"7617","1367.607110126","Apple_68:48:f0","Broadcast","ARP","42","Who has 192.168.43.55? Tell 192.168.43.100"
"7618","1367.607969106","Apple_68:48:f0","Broadcast","ARP","42","Who has 192.168.43.78? Tell 192.168.43.100"
"7619","1367.608858445","Apple_68:48:f0","Broadcast","ARP","42","Who has 192.168.43.46? Tell 192.168.43.100"
"7620","1367.609765052","Apple_68:48:f0","Broadcast","ARP","42","Who has 192.168.43.39? Tell 192.168.43.100"
"7621","1367.610568955","Apple_68:48:f0","Broadcast","ARP","42","Who has 192.168.43.184? Tell 192.168.43.100"
"7622","1367.807573252","Apple_68:48:f0","Broadcast","ARP","42","Who has 192.168.43.154? Tell 192.168.43.100"
"7623","1367.808458615","Apple_68:48:f0","Broadcast","ARP","42","Who has 192.168.43.165? Tell 192.168.43.100"
"7624","1367.809285627","Apple_68:48:f0","Broadcast","ARP","42","Who has 192.168.43.112? Tell 192.168.43.100"
"7625","1367.810211811","Apple_68:48:f0","Broadcast","ARP","42","Who has 192.168.43.131? Tell 192.168.43.100"
"7626","1367.811014948","Apple_68:48:f0","Broadcast","ARP","42","Who has 192.168.43.62? Tell 192.168.43.100"
"7627","1367.811859397","Apple_68:48:f0","Broadcast","ARP","42","Who has 192.168.43.141? Tell 192.168.43.100"
"7628","1367.812810924","Apple_68:48:f0","Broadcast","ARP","42","Who has 192.168.43.135? Tell 192.168.43.100"
"7629","1367.813665554","Apple_68:48:f0","Broadcast","ARP","42","Who has 192.168.43.71? Tell 192.168.43.100"
"7630","1367.814491504","Apple_68:48:f0","Broadcast","ARP","42","Who has 192.168.43.68? Tell 192.168.43.100"
"7631","1367.815383914","Apple_68:48:f0","Broadcast","ARP","42","Who has 192.168.43.52? Tell 192.168.43.100"
"7632","1367.816293896","Apple_68:48:f0","Broadcast","ARP","42","Who has 192.168.43.168? Tell 192.168.43.100"
"7633","1367.817178751","Apple_68:48:f0","Broadcast","ARP","42","Who has 192.168.43.214? Tell 192.168.43.100"
"7634","1367.818031956","Apple_68:48:f0","Broadcast","ARP","42","Who has 192.168.43.158? Tell 192.168.43.100"
"7635","1367.818870576","Apple_68:48:f0","Broadcast","ARP","42","Who has 192.168.43.119? Tell 192.168.43.100"
"7636","1367.819720945","Apple_68:48:f0","Broadcast","ARP","42","Who has 192.168.43.60? Tell 192.168.43.100"
"7637","1367.820651540","Apple_68:48:f0","Broadcast","ARP","42","Who has 192.168.43.79? Tell 192.168.43.100"
"7638","1367.821506122","Apple_68:48:f0","Broadcast","ARP","42","Who has 192.168.43.31? Tell 192.168.43.100"
"7639","1367.822339963","Apple_68:48:f0","Broadcast","ARP","42","Who has 192.168.43.152? Tell 192.168.43.100"
"7640","1367.823201679","Apple_68:48:f0","Broadcast","ARP","42","Who has 192.168.43.42? Tell 192.168.43.100"
"7641","1368.012387972","Apple_68:48:f0","Broadcast","ARP","42","Who has 192.168.43.249? Tell 192.168.43.100"
"7642","1368.013257010","Apple_68:48:f0","Broadcast","ARP","42","Who has 192.168.43.201? Tell 192.168.43.100"
"7643","1368.014055563","Apple_68:48:f0","Broadcast","ARP","42","Who has 192.168.43.187? Tell 192.168.43.100"
"7644","1368.014952007","Apple_68:48:f0","Broadcast","ARP","42","Who has 192.168.43.156? Tell 192.168.43.100"
"7645","1368.015862343","Apple_68:48:f0","Broadcast","ARP","42","Who has 192.168.43.208? Tell 192.168.43.100"
"7646","1368.016754771","Apple_68:48:f0","Broadcast","ARP","42","Who has 192.168.43.151? Tell 192.168.43.100"
"7647","1368.017605424","Apple_68:48:f0","Broadcast","ARP","42","Who has 192.168.43.125? Tell 192.168.43.100"
"7648","1368.018496068","Apple_68:48:f0","Broadcast","ARP","42","Who has 192.168.43.170? Tell 192.168.43.100"
"7649","1368.019283112","Apple_68:48:f0","Broadcast","ARP","42","Who has 192.168.43.237? Tell 192.168.43.100"
"7650","1368.020183788","Apple_68:48:f0","Broadcast","ARP","42","Who has 192.168.43.121? Tell 192.168.43.100"
"7651","1368.021092598","Apple_68:48:f0","Broadcast","ARP","42","Who has 192.168.43.101? Tell 192.168.43.100"
"7652","1368.021974371","Apple_68:48:f0","Broadcast","ARP","42","Who has 192.168.43.128? Tell 192.168.43.100"
"7653","1368.022771359","Apple_68:48:f0","Broadcast","ARP","42","Who has 192.168.43.138? Tell 192.168.43.100"
"7654","1368.023712913","Apple_68:48:f0","Broadcast","ARP","42","Who has 192.168.43.235? Tell 192.168.43.100"
"7655","1368.024572816","Apple_68:48:f0","Broadcast","ARP","42","Who has 192.168.43.157? Tell 192.168.43.100"
"7656","1368.025451181","Apple_68:48:f0","Broadcast","ARP","42","Who has 192.168.43.94? Tell 192.168.43.100"
"7657","1368.026254477","Apple_68:48:f0","Broadcast","ARP","42","Who has 192.168.43.76? Tell 192.168.43.100"
"7658","1368.027130640","Apple_68:48:f0","Broadcast","ARP","42","Who has 192.168.43.159? Tell 192.168.43.100"
"7659","1368.027985002","Apple_68:48:f0","Broadcast","ARP","42","Who has 192.168.43.80? Tell 192.168.43.100"
"7660","1368.217160367","Apple_68:48:f0","Broadcast","ARP","42","Who has 192.168.43.63? Tell 192.168.43.100"
"7661","1368.218009264","Apple_68:48:f0","Broadcast","ARP","42","Who has 192.168.43.98? Tell 192.168.43.100"
"7662","1368.218893629","Apple_68:48:f0","Broadcast","ARP","42","Who has 192.168.43.61? Tell 192.168.43.100"
"7663","1368.219767612","Apple_68:48:f0","Broadcast","ARP","42","Who has 192.168.43.51? Tell 192.168.43.100"
"7664","1368.220638301","Apple_68:48:f0","Broadcast","ARP","42","Who has 192.168.43.28? Tell 192.168.43.100"
"7665","1368.221524183","Apple_68:48:f0","Broadcast","ARP","42","Who has 192.168.43.20? Tell 192.168.43.100"
"7666","1368.222363105","Apple_68:48:f0","Broadcast","ARP","42","Who has 192.168.43.19? Tell 192.168.43.100"
"7667","1368.223234675","Apple_68:48:f0","Broadcast","ARP","42","Who has 192.168.43.16? Tell 192.168.43.100"
"7668","1368.224080280","Apple_68:48:f0","Broadcast","ARP","42","Who has 192.168.43.107? Tell 192.168.43.100"
"7669","1368.224994709","Apple_68:48:f0","Broadcast","ARP","42","Who has 192.168.43.54? Tell 192.168.43.100"
"7670","1368.225851776","Apple_68:48:f0","Broadcast","ARP","42","Who has 192.168.43.242? Tell 192.168.43.100"
"7671","1368.226737707","Apple_68:48:f0","Broadcast","ARP","42","Who has 192.168.43.7? Tell 192.168.43.100"
"7672","1368.227588781","Apple_68:48:f0","Broadcast","ARP","42","Who has 192.168.43.4? Tell 192.168.43.100"
"7673","1368.228477666","Apple_68:48:f0","Broadcast","ARP","42","Who has 192.168.43.167? Tell 192.168.43.100"
"7674","1368.229335152","Apple_68:48:f0","Broadcast","ARP","42","Who has 192.168.43.176? Tell 192.168.43.100"
"7675","1368.230179889","Apple_68:48:f0","Broadcast","ARP","42","Who has 192.168.43.84? Tell 192.168.43.100"
"7676","1368.231066715","Apple_68:48:f0","Broadcast","ARP","42","Who has 192.168.43.3? Tell 192.168.43.100"
"7677","1368.231880541","Apple_68:48:f0","Broadcast","ARP","42","Who has 192.168.43.252? Tell 192.168.43.100"
"7678","1368.232806740","Apple_68:48:f0","Broadcast","ARP","42","Who has 192.168.43.10? Tell 192.168.43.100"
"7679","1368.421863372","Apple_68:48:f0","Broadcast","ARP","42","Who has 192.168.43.2? Tell 192.168.43.100"
"7680","1368.422759484","Apple_68:48:f0","Broadcast","ARP","42","Who has 192.168.43.186? Tell 192.168.43.100"
"7681","1368.423696245","Apple_68:48:f0","Broadcast","ARP","42","Who has 192.168.43.149? Tell 192.168.43.100"
"7682","1368.424582329","Apple_68:48:f0","Broadcast","ARP","42","Who has 192.168.43.81? Tell 192.168.43.100"
"7683","1368.425422904","Apple_68:48:f0","Broadcast","ARP","42","Who has 192.168.43.75? Tell 192.168.43.100"
"7684","1368.426212702","Apple_68:48:f0","Broadcast","ARP","42","Who has 192.168.43.41? Tell 192.168.43.100"
"7685","1368.427115930","Apple_68:48:f0","Broadcast","ARP","42","Who has 192.168.43.240? Tell 192.168.43.100"
"7686","1368.428089898","Apple_68:48:f0","Broadcast","ARP","42","Who has 192.168.43.162? Tell 192.168.43.100"
"7687","1368.428919080","Apple_68:48:f0","Broadcast","ARP","42","Who has 192.168.43.241? Tell 192.168.43.100"
"7688","1368.429736570","Apple_68:48:f0","Broadcast","ARP","42","Who has 192.168.43.38? Tell 192.168.43.100"
"7689","1368.430588361","Apple_68:48:f0","Broadcast","ARP","42","Who has 192.168.43.21? Tell 192.168.43.100"
"7690","1368.431500693","Apple_68:48:f0","Broadcast","ARP","42","Who has 192.168.43.118? Tell 192.168.43.100"
"7691","1368.432405145","Apple_68:48:f0","Broadcast","ARP","42","Who has 192.168.43.40? Tell 192.168.43.100"
"7692","1368.433282534","Apple_68:48:f0","Broadcast","ARP","42","Who has 192.168.43.17? Tell 192.168.43.100"
"7693","1368.434105251","Apple_68:48:f0","Broadcast","ARP","42","Who has 192.168.43.26? Tell 192.168.43.100"
"7694","1368.434981673","Apple_68:48:f0","Broadcast","ARP","42","Who has 192.168.43.143? Tell 192.168.43.100"
"7695","1368.435860353","Apple_68:48:f0","Broadcast","ARP","42","Who has 192.168.43.72? Tell 192.168.43.100"
"7696","1368.436768048","Apple_68:48:f0","Broadcast","ARP","42","Who has 192.168.43.247? Tell 192.168.43.100"
"7697","1368.437619926","Apple_68:48:f0","Broadcast","ARP","42","Who has 192.168.43.206? Tell 192.168.43.100"
"7699","1368.514583035","Apple_68:48:f0","Broadcast","ARP","42","Who has 192.168.43.124? Tell 192.168.43.100"
"7700","1368.515887691","Apple_68:48:f0","Broadcast","ARP","42","Who has 192.168.43.83? Tell 192.168.43.100"
"7701","1368.517386621","Apple_68:48:f0","Broadcast","ARP","42","Who has 192.168.43.11? Tell 192.168.43.100"
"7702","1368.518392229","Apple_68:48:f0","Broadcast","ARP","42","Who has 192.168.43.32? Tell 192.168.43.100"
"7703","1368.519249179","Apple_68:48:f0","Broadcast","ARP","42","Who has 192.168.43.180? Tell 192.168.43.100"
"7704","1368.520195447","Apple_68:48:f0","Broadcast","ARP","42","Who has 192.168.43.9? Tell 192.168.43.100"
"7705","1368.521170817","Apple_68:48:f0","Broadcast","ARP","42","Who has 192.168.43.6? Tell 192.168.43.100"
"7706","1368.522042755","Apple_68:48:f0","Broadcast","ARP","42","Who has 192.168.43.85? Tell 192.168.43.100"
"7707","1368.524748905","Apple_68:48:f0","Broadcast","ARP","42","Who has 192.168.43.108? Tell 192.168.43.100"
"7708","1368.525662866","Apple_68:48:f0","Broadcast","ARP","42","Who has 192.168.43.43? Tell 192.168.43.100"
"7709","1368.526572834","Apple_68:48:f0","Broadcast","ARP","42","Who has 192.168.43.29? Tell 192.168.43.100"
"7710","1368.527432866","Apple_68:48:f0","Broadcast","ARP","42","Who has 192.168.43.22? Tell 192.168.43.100"
"7711","1368.528839618","Apple_68:48:f0","Broadcast","ARP","42","Who has 192.168.43.221? Tell 192.168.43.100"
"7712","1368.529709273","Apple_68:48:f0","Broadcast","ARP","42","Who has 192.168.43.188? Tell 192.168.43.100"
"7713","1368.530629931","Apple_68:48:f0","Broadcast","ARP","42","Who has 192.168.43.171? Tell 192.168.43.100"
"7714","1368.531508972","Apple_68:48:f0","Broadcast","ARP","42","Who has 192.168.43.111? Tell 192.168.43.100"
"7715","1368.532521102","Apple_68:48:f0","Broadcast","ARP","42","Who has 192.168.43.204? Tell 192.168.43.100"
"7716","1368.533427420","Apple_68:48:f0","Broadcast","ARP","42","Who has 192.168.43.178? Tell 192.168.43.100"
"7717","1368.534288670","Apple_68:48:f0","Broadcast","ARP","42","Who has 192.168.43.86? Tell 192.168.43.100"
"7718","1368.535187289","Apple_68:48:f0","Broadcast","ARP","42","Who has 192.168.43.69? Tell 192.168.43.100"
"7719","1368.536200077","Apple_68:48:f0","Broadcast","ARP","42","Who has 192.168.43.160? Tell 192.168.43.100"
"7720","1368.537094442","Apple_68:48:f0","Broadcast","ARP","42","Who has 192.168.43.195? Tell 192.168.43.100"
"7721","1368.538329691","Apple_68:48:f0","Broadcast","ARP","42","Who has 192.168.43.134? Tell 192.168.43.100"
"7722","1368.539333749","Apple_68:48:f0","Broadcast","ARP","42","Who has 192.168.43.56? Tell 192.168.43.100"
"7723","1368.540318516","Apple_68:48:f0","Broadcast","ARP","42","Who has 192.168.43.45? Tell 192.168.43.100"
"7724","1368.541260699","Apple_68:48:f0","Broadcast","ARP","42","Who has 192.168.43.35? Tell 192.168.43.100"
"7725","1368.542067358","Apple_68:48:f0","Broadcast","ARP","42","Who has 192.168.43.15? Tell 192.168.43.100"
"7726","1368.545278885","Apple_68:48:f0","Broadcast","ARP","42","Who has 192.168.43.13? Tell 192.168.43.100"
"7727","1368.546181443","Apple_68:48:f0","Broadcast","ARP","42","Who has 192.168.43.8? Tell 192.168.43.100"
"7728","1368.547082486","Apple_68:48:f0","Broadcast","ARP","42","Who has 192.168.43.27? Tell 192.168.43.100"
"7729","1368.547918482","Apple_68:48:f0","Broadcast","ARP","42","Who has 192.168.43.106? Tell 192.168.43.100"
"7730","1368.548926176","Apple_68:48:f0","Broadcast","ARP","42","Who has 192.168.43.36? Tell 192.168.43.100"
"7731","1368.550309858","Apple_68:48:f0","Broadcast","ARP","42","Who has 192.168.43.14? Tell 192.168.43.100"
"7732","1368.551287715","Apple_68:48:f0","Broadcast","ARP","42","Who has 192.168.43.173? Tell 192.168.43.100"
"7733","1368.552128713","Apple_68:48:f0","Broadcast","ARP","42","Who has 192.168.43.182? Tell 192.168.43.100"
"7734","1368.553139301","Apple_68:48:f0","Broadcast","ARP","42","Who has 192.168.43.87? Tell 192.168.43.100"
"7735","1368.554113951","Apple_68:48:f0","Broadcast","ARP","42","Who has 192.168.43.250? Tell 192.168.43.100"
"7736","1368.555076809","Apple_68:48:f0","Broadcast","ARP","42","Who has 192.168.43.116? Tell 192.168.43.100"
"7737","1368.555906045","Apple_68:48:f0","Broadcast","ARP","42","Who has 192.168.43.44? Tell 192.168.43.100"
"7738","1368.556972219","Apple_68:48:f0","Broadcast","ARP","42","Who has 192.168.43.243? Tell 192.168.43.100"
"7739","1368.557930005","Apple_68:48:f0","Broadcast","ARP","42","Who has 192.168.43.122? Tell 192.168.43.100"
"7740","1368.559282743","Apple_68:48:f0","Broadcast","ARP","42","Who has 192.168.43.213? Tell 192.168.43.100"
"7741","1368.560138932","Apple_68:48:f0","Broadcast","ARP","42","Who has 192.168.43.5? Tell 192.168.43.100"
"7742","1368.561128623","Apple_68:48:f0","Broadcast","ARP","42","Who has 192.168.43.18? Tell 192.168.43.100"
"7743","1368.562015772","Apple_68:48:f0","Broadcast","ARP","42","Who has 192.168.43.185? Tell 192.168.43.100"
"7744","1368.562863971","Apple_68:48:f0","Broadcast","ARP","42","Who has 192.168.43.139? Tell 192.168.43.100"
"7745","1368.563893307","Apple_68:48:f0","Broadcast","ARP","42","Who has 192.168.43.97? Tell 192.168.43.100"
"7748","1368.565044716","Apple_68:48:f0","Broadcast","ARP","42","Who has 192.168.43.93? Tell 192.168.43.100"
"7749","1368.565992570","Apple_68:48:f0","Broadcast","ARP","42","Who has 192.168.43.70? Tell 192.168.43.100"
"7750","1368.566978794","Apple_68:48:f0","Broadcast","ARP","42","Who has 192.168.43.227? Tell 192.168.43.100"
"7751","1368.568079563","Apple_68:48:f0","Broadcast","ARP","42","Who has 192.168.43.114? Tell 192.168.43.100"
"7752","1368.569079354","Apple_68:48:f0","Broadcast","ARP","42","Who has 192.168.43.193? Tell 192.168.43.100"
"7753","1368.569950384","Apple_68:48:f0","Broadcast","ARP","42","Who has 192.168.43.49? Tell 192.168.43.100"
"7754","1368.569968435","HonHaiPr_87:1b:89","Apple_68:48:f0","ARP","42","192.168.43.49 is at 90:32:4b:87:1b:89"
"7755","1368.571334791","Apple_68:48:f0","Broadcast","ARP","42","Who has 192.168.43.230? Tell 192.168.43.100"
"7756","1368.572213634","Apple_68:48:f0","Broadcast","ARP","42","Who has 192.168.43.47? Tell 192.168.43.100"
"7757","1368.573264267","Apple_68:48:f0","Broadcast","ARP","42","Who has 192.168.43.66? Tell 192.168.43.100"
"7758","1368.574163638","Apple_68:48:f0","Broadcast","ARP","42","Who has 192.168.43.220? Tell 192.168.43.100"
"7759","1368.575126382","Apple_68:48:f0","Broadcast","ARP","42","Who has 192.168.43.217? Tell 192.168.43.100"
"7760","1368.576239982","Apple_68:48:f0","Broadcast","ARP","42","Who has 192.168.43.199? Tell 192.168.43.100"
"7761","1368.577223434","Apple_68:48:f0","Broadcast","ARP","42","Who has 192.168.43.212? Tell 192.168.43.100"
"7762","1368.578200379","Apple_68:48:f0","Broadcast","ARP","42","Who has 192.168.43.177? Tell 192.168.43.100"
"7763","1368.579079495","Apple_68:48:f0","Broadcast","ARP","42","Who has 192.168.43.196? Tell 192.168.43.100"
"7764","1368.579905534","Apple_68:48:f0","Broadcast","ARP","42","Who has 192.168.43.163? Tell 192.168.43.100"
"7765","1368.580888476","Apple_68:48:f0","Broadcast","ARP","42","Who has 192.168.43.147? Tell 192.168.43.100"
"7766","1368.582241349","Apple_68:48:f0","Broadcast","ARP","42","Who has 192.168.43.145? Tell 192.168.43.100"
"7767","1368.583193308","Apple_68:48:f0","Broadcast","ARP","42","Who has 192.168.43.194? Tell 192.168.43.100"
"7768","1368.584067729","Apple_68:48:f0","Broadcast","ARP","42","Who has 192.168.43.133? Tell 192.168.43.100"
"7769","1368.585009764","Apple_68:48:f0","Broadcast","ARP","42","Who has 192.168.43.109? Tell 192.168.43.100"
"7770","1368.585919415","Apple_68:48:f0","Broadcast","ARP","42","Gratuitous ARP for 192.168.43.100 (Request)"
"7771","1368.586878323","Apple_68:48:f0","Broadcast","ARP","42","Who has 192.168.43.123? Tell 192.168.43.100"
"7772","1368.587842506","Apple_68:48:f0","Broadcast","ARP","42","Who has 192.168.43.89? Tell 192.168.43.100"
"7773","1368.588794709","Apple_68:48:f0","Broadcast","ARP","42","Who has 192.168.43.82? Tell 192.168.43.100"
"7774","1368.589735623","Apple_68:48:f0","Broadcast","ARP","42","Who has 192.168.43.233? Tell 192.168.43.100"
"7775","1368.591058793","Apple_68:48:f0","Broadcast","ARP","42","Who has 192.168.43.161? Tell 192.168.43.100"
"7776","1368.591978004","Apple_68:48:f0","Broadcast","ARP","42","Who has 192.168.43.146? Tell 192.168.43.100"
"7777","1368.592890407","Apple_68:48:f0","Broadcast","ARP","42","Who has 192.168.43.225? Tell 192.168.43.100"
"7778","1368.602947876","Apple_68:48:f0","Broadcast","ARP","42","Who has 192.168.43.117? Tell 192.168.43.100"
"7779","1368.611069956","Apple_68:48:f0","Broadcast","ARP","42","Who has 192.168.43.74? Tell 192.168.43.100"
"7780","1368.621126158","Apple_68:48:f0","Broadcast","ARP","42","Who has 192.168.43.234? Tell 192.168.43.100"
"7781","1368.635232301","Apple_68:48:f0","Broadcast","ARP","42","Who has 192.168.43.238? Tell 192.168.43.100"
"7782","1368.647266497","Apple_68:48:f0","Broadcast","ARP","42","Who has 192.168.43.73? Tell 192.168.43.100"
"7783","1368.657796789","Apple_68:48:f0","Broadcast","ARP","42","Who has 192.168.43.222? Tell 192.168.43.100"
"7784","1368.669061793","Apple_68:48:f0","Broadcast","ARP","42","Who has 192.168.43.245? Tell 192.168.43.100"
"7785","1368.831515263","Apple_68:48:f0","Broadcast","ARP","42","Who has 192.168.43.102? Tell 192.168.43.100"
"7786","1368.832397777","Apple_68:48:f0","Broadcast","ARP","42","Who has 192.168.43.181? Tell 192.168.43.100"
"7787","1368.833178180","Apple_68:48:f0","Broadcast","ARP","42","Who has 192.168.43.33? Tell 192.168.43.100"
"7788","1368.834081610","Apple_68:48:f0","Broadcast","ARP","42","Who has 192.168.43.25? Tell 192.168.43.100"
"7789","1368.834990369","Apple_68:48:f0","Broadcast","ARP","42","Who has 192.168.43.24? Tell 192.168.43.100"
"7790","1368.835854021","Apple_68:48:f0","Broadcast","ARP","42","Who has 192.168.43.175? Tell 192.168.43.100"
"7791","1368.836735508","Apple_68:48:f0","Broadcast","ARP","42","Who has 192.168.43.88? Tell 192.168.43.100"
"7792","1368.837616163","Apple_68:48:f0","Broadcast","ARP","42","Who has 192.168.43.210? Tell 192.168.43.100"
"7793","1368.838488288","Apple_68:48:f0","Broadcast","ARP","42","Who has 192.168.43.59? Tell 192.168.43.100"
"7794","1368.839292338","Apple_68:48:f0","Broadcast","ARP","42","Who has 192.168.43.30? Tell 192.168.43.100"
"7795","1368.840207997","Apple_68:48:f0","Broadcast","ARP","42","Who has 192.168.43.207? Tell 192.168.43.100"
"7796","1368.841095625","Apple_68:48:f0","Broadcast","ARP","42","Who has 192.168.43.189? Tell 192.168.43.100"
"7797","1368.841957916","Apple_68:48:f0","Broadcast","ARP","42","Who has 192.168.43.142? Tell 192.168.43.100"
"7798","1368.842762845","Apple_68:48:f0","Broadcast","ARP","42","Who has 192.168.43.104? Tell 192.168.43.100"
"7799","1369.036274064","Apple_68:48:f0","Broadcast","ARP","42","Who has 192.168.43.218? Tell 192.168.43.100"
"7800","1369.037170893","Apple_68:48:f0","Broadcast","ARP","42","Who has 192.168.43.95? Tell 192.168.43.100"
"7801","1369.038015987","Apple_68:48:f0","Broadcast","ARP","42","Who has 192.168.43.48? Tell 192.168.43.100"
"7802","1369.038875596","Apple_68:48:f0","Broadcast","ARP","42","Who has 192.168.43.48? Tell 192.168.43.100"
"7803","1369.039715172","Apple_68:48:f0","Broadcast","ARP","42","Who has 192.168.43.127? Tell 192.168.43.100"
"7804","1369.040623147","Apple_68:48:f0","Broadcast","ARP","42","Who has 192.168.43.64? Tell 192.168.43.100"
"7805","1369.041506126","Apple_68:48:f0","Broadcast","ARP","42","Who has 192.168.43.219? Tell 192.168.43.100"
"7806","1369.042360214","Apple_68:48:f0","Broadcast","ARP","42","Who has 192.168.43.110? Tell 192.168.43.100"
"7807","1369.043190662","Apple_68:48:f0","Broadcast","ARP","42","Who has 192.168.43.254? Tell 192.168.43.100"
"7808","1369.044079309","Apple_68:48:f0","Broadcast","ARP","42","Who has 192.168.43.37? Tell 192.168.43.100"
"7822","1375.180731895","5e:99:60:f5:c1:b2","HonHaiPr_87:1b:89","ARP","42","Who has 192.168.43.49? Tell 192.168.43.1 (duplicate use of 192.168.43.1 detected!)"
"7823","1375.180768035","HonHaiPr_87:1b:89","5e:99:60:f5:c1:b2","ARP","42","192.168.43.49 is at 90:32:4b:87:1b:89 (duplicate use of 192.168.43.1 detected!)"
"7828","1385.010924841","Apple_68:48:f0","HonHaiPr_87:1b:89","ARP","42","192.168.43.1 is at 88:e9:fe:68:48:f0"
"7831","1386.034887382","Apple_68:48:f0","HonHaiPr_87:1b:89","ARP","42","192.168.43.1 is at 88:e9:fe:68:48:f0"
"7832","1387.058831017","Apple_68:48:f0","HonHaiPr_87:1b:89","ARP","42","192.168.43.1 is at 88:e9:fe:68:48:f0"
"7833","1388.082884399","Apple_68:48:f0","HonHaiPr_87:1b:89","ARP","42","192.168.43.1 is at 88:e9:fe:68:48:f0"
"7834","1389.106793136","Apple_68:48:f0","HonHaiPr_87:1b:89","ARP","42","192.168.43.1 is at 88:e9:fe:68:48:f0"
"7839","1399.141698420","Apple_68:48:f0","HonHaiPr_87:1b:89","ARP","42","192.168.43.1 is at 88:e9:fe:68:48:f0"
"7840","1409.176511787","Apple_68:48:f0","HonHaiPr_87:1b:89","ARP","42","192.168.43.1 is at 88:e9:fe:68:48:f0"
"7857","1419.006838837","Apple_68:48:f0","HonHaiPr_87:1b:89","ARP","42","192.168.43.1 is at 88:e9:fe:68:48:f0"
"7891","1429.043001343","Apple_68:48:f0","HonHaiPr_87:1b:89","ARP","42","192.168.43.1 is at 88:e9:fe:68:48:f0"
"7902","1439.076534896","Apple_68:48:f0","HonHaiPr_87:1b:89","ARP","42","192.168.43.1 is at 88:e9:fe:68:48:f0"
"7905","1449.111854761","Apple_68:48:f0","HonHaiPr_87:1b:89","ARP","42","192.168.43.1 is at 88:e9:fe:68:48:f0"
"7906","1459.146339836","Apple_68:48:f0","HonHaiPr_87:1b:89","ARP","42","192.168.43.1 is at 88:e9:fe:68:48:f0"
"7917","1469.181057163","Apple_68:48:f0","HonHaiPr_87:1b:89","ARP","42","192.168.43.1 is at 88:e9:fe:68:48:f0"
"7948","1479.216629133","Apple_68:48:f0","HonHaiPr_87:1b:89","ARP","42","192.168.43.1 is at 88:e9:fe:68:48:f0"
"7962","1489.250939027","Apple_68:48:f0","HonHaiPr_87:1b:89","ARP","42","192.168.43.1 is at 88:e9:fe:68:48:f0"
"7973","1499.285767914","Apple_68:48:f0","HonHaiPr_87:1b:89","ARP","42","192.168.43.1 is at 88:e9:fe:68:48:f0"
"8006","1509.116489207","Apple_68:48:f0","HonHaiPr_87:1b:89","ARP","42","192.168.43.1 is at 88:e9:fe:68:48:f0"
"8009","1519.150780857","Apple_68:48:f0","HonHaiPr_87:1b:89","ARP","42","192.168.43.1 is at 88:e9:fe:68:48:f0"
"8021","1529.123454858","Apple_68:48:f0","HonHaiPr_87:1b:89","ARP","42","192.168.43.1 is at 88:e9:fe:68:48:f0"
"8039","1539.221192864","Apple_68:48:f0","HonHaiPr_87:1b:89","ARP","42","192.168.43.1 is at 88:e9:fe:68:48:f0"
"8043","1549.255626367","Apple_68:48:f0","HonHaiPr_87:1b:89","ARP","42","192.168.43.1 is at 88:e9:fe:68:48:f0"
"8111","1559.290476116","Apple_68:48:f0","HonHaiPr_87:1b:89","ARP","42","192.168.43.1 is at 88:e9:fe:68:48:f0"
"8176","1569.326091713","Apple_68:48:f0","HonHaiPr_87:1b:89","ARP","42","192.168.43.1 is at 88:e9:fe:68:48:f0"
"8181","1579.360426519","Apple_68:48:f0","HonHaiPr_87:1b:89","ARP","42","192.168.43.1 is at 88:e9:fe:68:48:f0"
"8189","1589.395197042","Apple_68:48:f0","HonHaiPr_87:1b:89","ARP","42","192.168.43.1 is at 88:e9:fe:68:48:f0"
"8208","1599.430821445","Apple_68:48:f0","HonHaiPr_87:1b:89","ARP","42","192.168.43.1 is at 88:e9:fe:68:48:f0"
"8211","1609.260478473","Apple_68:48:f0","HonHaiPr_87:1b:89","ARP","42","192.168.43.1 is at 88:e9:fe:68:48:f0"
"8231","1619.244080756","Apple_68:48:f0","HonHaiPr_87:1b:89","ARP","42","192.168.43.1 is at 88:e9:fe:68:48:f0"
"8266","1629.739871479","Apple_68:48:f0","HonHaiPr_87:1b:89","ARP","42","192.168.43.1 is at 88:e9:fe:68:48:f0"
"8273","1639.365237692","Apple_68:48:f0","HonHaiPr_87:1b:89","ARP","42","192.168.43.1 is at 88:e9:fe:68:48:f0"
"8282","1649.400128440","Apple_68:48:f0","HonHaiPr_87:1b:89","ARP","42","192.168.43.1 is at 88:e9:fe:68:48:f0"
"8303","1659.435041708","Apple_68:48:f0","HonHaiPr_87:1b:89","ARP","42","192.168.43.1 is at 88:e9:fe:68:48:f0"
"8310","1669.302948158","Apple_68:48:f0","HonHaiPr_87:1b:89","ARP","42","192.168.43.1 is at 88:e9:fe:68:48:f0"
"8339","1679.476578215","Apple_68:48:f0","HonHaiPr_87:1b:89","ARP","42","192.168.43.1 is at 88:e9:fe:68:48:f0"
"8345","1689.540686779","Apple_68:48:f0","HonHaiPr_87:1b:89","ARP","42","192.168.43.1 is at 88:e9:fe:68:48:f0"
"8346","1699.370266563","Apple_68:48:f0","HonHaiPr_87:1b:89","ARP","42","192.168.43.1 is at 88:e9:fe:68:48:f0"
"8353","1709.405157771","Apple_68:48:f0","HonHaiPr_87:1b:89","ARP","42","192.168.43.1 is at 88:e9:fe:68:48:f0"
"8361","1719.440780217","Apple_68:48:f0","HonHaiPr_87:1b:89","ARP","42","192.168.43.1 is at 88:e9:fe:68:48:f0"
"8444","1729.475248084","Apple_68:48:f0","HonHaiPr_87:1b:89","ARP","42","192.168.43.1 is at 88:e9:fe:68:48:f0"
"8448","1739.510154851","Apple_68:48:f0","HonHaiPr_87:1b:89","ARP","42","192.168.43.1 is at 88:e9:fe:68:48:f0"
"8449","1749.545699731","Apple_68:48:f0","HonHaiPr_87:1b:89","ARP","42","192.168.43.1 is at 88:e9:fe:68:48:f0"
"8456","1759.580124032","Apple_68:48:f0","HonHaiPr_87:1b:89","ARP","42","192.168.43.1 is at 88:e9:fe:68:48:f0"
"8459","1769.616591655","Apple_68:48:f0","HonHaiPr_87:1b:89","ARP","42","192.168.43.1 is at 88:e9:fe:68:48:f0"
"8474","1779.650612243","Apple_68:48:f0","HonHaiPr_87:1b:89","ARP","42","192.168.43.1 is at 88:e9:fe:68:48:f0"
"8487","1789.481044478","Apple_68:48:f0","HonHaiPr_87:1b:89","ARP","42","192.168.43.1 is at 88:e9:fe:68:48:f0"
"8495","1799.515234739","Apple_68:48:f0","HonHaiPr_87:1b:89","ARP","42","192.168.43.1 is at 88:e9:fe:68:48:f0"
"8513","1809.486330474","Apple_68:48:f0","HonHaiPr_87:1b:89","ARP","42","192.168.43.1 is at 88:e9:fe:68:48:f0"
"8518","1819.585171846","Apple_68:48:f0","HonHaiPr_87:1b:89","ARP","42","192.168.43.1 is at 88:e9:fe:68:48:f0"
"8521","1829.620333303","Apple_68:48:f0","HonHaiPr_87:1b:89","ARP","42","192.168.43.1 is at 88:e9:fe:68:48:f0"
"8528","1839.655754279","Apple_68:48:f0","HonHaiPr_87:1b:89","ARP","42","192.168.43.1 is at 88:e9:fe:68:48:f0"
"8537","1849.690201452","Apple_68:48:f0","HonHaiPr_87:1b:89","ARP","42","192.168.43.1 is at 88:e9:fe:68:48:f0"
"8595","1859.725231609","Apple_68:48:f0","HonHaiPr_87:1b:89","ARP","42","192.168.43.1 is at 88:e9:fe:68:48:f0"
"8602","1870.178671767","Apple_68:48:f0","HonHaiPr_87:1b:89","ARP","42","192.168.43.1 is at 88:e9:fe:68:48:f0"
"8607","1879.795241216","Apple_68:48:f0","HonHaiPr_87:1b:89","ARP","42","192.168.43.1 is at 88:e9:fe:68:48:f0"
"8727","1889.625351537","Apple_68:48:f0","HonHaiPr_87:1b:89","ARP","42","192.168.43.1 is at 88:e9:fe:68:48:f0"
"8789","1899.660435841","Apple_68:48:f0","HonHaiPr_87:1b:89","ARP","42","192.168.43.1 is at 88:e9:fe:68:48:f0"
"8800","1909.900084347","Apple_68:48:f0","HonHaiPr_87:1b:89","ARP","42","192.168.43.1 is at 88:e9:fe:68:48:f0"
"8811","1919.731640000","Apple_68:48:f0","HonHaiPr_87:1b:89","ARP","42","192.168.43.1 is at 88:e9:fe:68:48:f0"
"8942","1929.765844651","Apple_68:48:f0","HonHaiPr_87:1b:89","ARP","42","192.168.43.1 is at 88:e9:fe:68:48:f0"
"8996","1939.800278234","Apple_68:48:f0","HonHaiPr_87:1b:89","ARP","42","192.168.43.1 is at 88:e9:fe:68:48:f0"
"9026","1949.835418935","Apple_68:48:f0","HonHaiPr_87:1b:89","ARP","42","192.168.43.1 is at 88:e9:fe:68:48:f0"
"9056","1959.870921520","Apple_68:48:f0","HonHaiPr_87:1b:89","ARP","42","192.168.43.1 is at 88:e9:fe:68:48:f0"
"9082","1969.723882992","Apple_68:48:f0","HonHaiPr_87:1b:89","ARP","42","192.168.43.1 is at 88:e9:fe:68:48:f0"
"9125","1979.940411186","Apple_68:48:f0","HonHaiPr_87:1b:89","ARP","42","192.168.43.1 is at 88:e9:fe:68:48:f0"
"9130","1989.771240742","Apple_68:48:f0","HonHaiPr_87:1b:89","ARP","42","192.168.43.1 is at 88:e9:fe:68:48:f0"
"9178","1999.809945957","Apple_68:48:f0","HonHaiPr_87:1b:89","ARP","42","192.168.43.1 is at 88:e9:fe:68:48:f0"
"9185","2009.840567595","Apple_68:48:f0","HonHaiPr_87:1b:89","ARP","42","192.168.43.1 is at 88:e9:fe:68:48:f0"
"9212","2019.875624794","Apple_68:48:f0","HonHaiPr_87:1b:89","ARP","42","192.168.43.1 is at 88:e9:fe:68:48:f0"
